<?xml version="1.0" encoding="UTF-8"?>
<config xmlns="http://www.knime.org/2008/09/XMLConfig" xmlns:xsi="http://www.w3.org/2001/XMLSchema-instance" xsi:schemaLocation="http://www.knime.org/2008/09/XMLConfig http://www.knime.org/XMLConfig_2008_09.xsd" key="model.xml">
    <entry key="version" type="xint" value="1"/>
    <entry key="class_name" type="xstring" value="org.knime.base.data.normalize.NormalizerPortObject"/>
    <config key="model">
        <config key="columns">
            <config key="Rooms">
                <entry key="column_name" type="xstring" value="Rooms"/>
                <entry key="column_scale" type="xdouble" value="0.1111111111111111"/>
                <entry key="column_translate" type="xdouble" value="-0.1111111111111111"/>
                <entry key="column_min" type="xdouble" value="0.0"/>
                <entry key="column_max" type="xdouble" value="1.0"/>
            </config>
            <config key="Distance">
                <entry key="column_name" type="xstring" value="Distance"/>
                <entry key="column_scale" type="xdouble" value="0.020790020790020788"/>
                <entry key="column_translate" type="xdouble" value="0.0"/>
                <entry key="column_min" type="xdouble" value="0.0"/>
                <entry key="column_max" type="xdouble" value="1.0"/>
            </config>
            <config key="Bedroom2">
                <entry key="column_name" type="xstring" value="Bedroom2"/>
                <entry key="column_scale" type="xdouble" value="0.05"/>
                <entry key="column_translate" type="xdouble" value="0.0"/>
                <entry key="column_min" type="xdouble" value="0.0"/>
                <entry key="column_max" type="xdouble" value="1.0"/>
            </config>
            <config key="Bathroom">
                <entry key="column_name" type="xstring" value="Bathroom"/>
                <entry key="column_scale" type="xdouble" value="0.125"/>
                <entry key="column_translate" type="xdouble" value="0.0"/>
                <entry key="column_min" type="xdouble" value="0.0"/>
                <entry key="column_max" type="xdouble" value="1.0"/>
            </config>
            <config key="Car">
                <entry key="column_name" type="xstring" value="Car"/>
                <entry key="column_scale" type="xdouble" value="0.1"/>
                <entry key="column_translate" type="xdouble" value="0.0"/>
                <entry key="column_min" type="xdouble" value="0.0"/>
                <entry key="column_max" type="xdouble" value="1.0"/>
            </config>
            <config key="Landsize">
                <entry key="column_name" type="xstring" value="Landsize"/>
                <entry key="column_scale" type="xdouble" value="7.342143906020558E-4"/>
                <entry key="column_translate" type="xdouble" value="0.0"/>
                <entry key="column_min" type="xdouble" value="0.0"/>
                <entry key="column_max" type="xdouble" value="1.0"/>
            </config>
            <config key="BuildingArea">
                <entry key="column_name" type="xstring" value="BuildingArea"/>
                <entry key="column_scale" type="xdouble" value="0.00338409475465313"/>
                <entry key="column_translate" type="xdouble" value="0.0"/>
                <entry key="column_min" type="xdouble" value="0.0"/>
                <entry key="column_max" type="xdouble" value="1.0"/>
            </config>
            <config key="Mean(Price)">
                <entry key="column_name" type="xstring" value="Mean(Price)"/>
                <entry key="column_scale" type="xdouble" value="4.415011037527594E-7"/>
                <entry key="column_translate" type="xdouble" value="-0.03752759381898455"/>
                <entry key="column_min" type="xdouble" value="0.0"/>
                <entry key="column_max" type="xdouble" value="1.0"/>
            </config>
        </config>
        <entry key="summary" type="xstring" value="Min/Max (0.0, 1) normalization on 8 column(s)"/>
    </config>
</config>
