<?xml version="1.0" encoding="UTF-8"?>
<config xmlns="http://www.knime.org/2008/09/XMLConfig" xmlns:xsi="http://www.w3.org/2001/XMLSchema-instance" xsi:schemaLocation="http://www.knime.org/2008/09/XMLConfig http://www.knime.org/XMLConfig_2008_09.xsd" key="MiningSchema">
    <config key="learning">
        <entry key="array-size" type="xint" value="10"/>
        <entry key="0" type="xstring" value="Rooms"/>
        <entry key="1" type="xstring" value="Type"/>
        <entry key="2" type="xstring" value="Method"/>
        <entry key="3" type="xstring" value="Distance"/>
        <entry key="4" type="xstring" value="Bedroom2"/>
        <entry key="5" type="xstring" value="Bathroom"/>
        <entry key="6" type="xstring" value="Car"/>
        <entry key="7" type="xstring" value="Landsize"/>
        <entry key="8" type="xstring" value="BuildingArea"/>
        <entry key="9" type="xstring" value="Regionname"/>
    </config>
    <config key="target">
        <entry key="array-size" type="xint" value="1"/>
        <entry key="0" type="xstring" value="Mean(Price)"/>
    </config>
</config>
